Chemical_Shift,Count
-15.8,1
-13.3,5
-12.2,1
-8.7,1
-7.9,1
-6.3,4
-5.7,1
-5.4,2
-5.3,1
-5.2,8
-5.1,1
-5.0,2
-4.9,1
-2.0,1
-1.8,1
-1.6,4
-1.3,2
-1.2,1
-1.1,1
-0.8,2
-0.7,2
-0.5,1
-0.4,1
-0.3,1
-0.1,1
0.0,3
0.1,1
0.3,5
0.4,3
0.5,1
0.6,1
0.8,3
0.9,2
1.0,4
1.1,11
1.2,6
1.3,12
1.4,1
1.6,1
1.7,3
1.8,1
1.9,1
2.0,3
2.1,2
2.2,2
2.3,2
2.4,9
2.5,5
2.6,8
2.7,4
2.8,7
2.9,8
3.0,9
3.1,12
3.2,29
3.3,21
3.4,32
3.5,35
3.6,19
3.7,48
3.8,13
3.9,21
4.0,15
4.1,39
4.2,57
4.3,137
4.4,45
4.5,52
4.6,28
4.7,32
4.8,31
4.9,24
5.0,23
5.1,57
5.2,85
5.3,37
5.4,58
5.5,55
5.6,32
5.7,21
5.8,24
5.9,12
6.0,32
6.1,27
6.2,25
6.3,32
6.4,49
6.5,62
6.6,63
6.7,48
6.8,72
6.9,65
7.0,33
7.1,30
7.2,40
7.3,96
7.4,136
7.5,103
7.6,96
7.7,120
7.8,159
7.9,144
8.0,215
8.1,203
8.2,222
8.3,258
8.4,288
8.5,166
8.6,223
8.7,177
8.8,207
8.9,146
9.0,137
9.1,133
9.2,161
9.3,168
9.4,138
9.5,173
9.6,140
9.7,191
9.8,156
9.9,173
10.0,223
10.1,177
10.2,189
10.3,152
10.4,365
10.5,318
10.6,269
10.7,335
10.8,227
10.9,228
11.0,206
11.1,210
11.2,302
11.3,358
11.4,411
11.5,478
11.6,378
11.7,297
11.8,339
11.9,459
12.0,381
12.1,305
12.2,312
12.3,313
12.4,315
12.5,378
12.6,487
12.7,344
12.8,298
12.9,298
13.0,418
13.1,600
13.2,466
13.3,410
13.4,483
13.5,481
13.6,728
13.7,824
13.8,1341
13.9,1363
14.0,2235
14.1,4515
14.2,2710
14.3,2491
14.4,1186
14.5,981
14.6,646
14.7,1024
14.8,922
14.9,607
15.0,615
15.1,642
15.2,948
15.3,701
15.4,561
15.5,786
15.6,561
15.7,423
15.8,403
15.9,512
16.0,675
16.1,465
16.2,616
16.3,669
16.4,583
16.5,482
16.6,460
16.7,595
16.8,462
16.9,389
17.0,369
17.1,394
17.2,414
17.3,496
17.4,447
17.5,486
17.6,540
17.7,568
17.8,578
17.9,557
18.0,775
18.1,778
18.2,712
18.3,676
18.4,664
18.5,588
18.6,566
18.7,578
18.8,586
18.9,602
19.0,513
19.1,626
19.2,693
19.3,806
19.4,580
19.5,705
19.6,694
19.7,677
19.8,855
19.9,800
20.0,653
20.1,813
20.2,873
20.3,876
20.4,924
20.5,911
20.6,910
20.7,1116
20.8,1102
20.9,1130
21.0,1288
21.1,1414
21.2,939
21.3,1010
21.4,1087
21.5,860
21.6,937
21.7,815
21.8,852
21.9,800
22.0,964
22.1,1041
22.2,936
22.3,1072
22.4,1213
22.5,1517
22.6,1500
22.7,2216
22.8,1505
22.9,1265
23.0,1283
23.1,1243
23.2,1006
23.3,879
23.4,1113
23.5,975
23.6,1004
23.7,1018
23.8,1109
23.9,1560
24.0,1156
24.1,1093
24.2,906
24.3,832
24.4,835
24.5,876
24.6,1159
24.7,918
24.8,967
24.9,906
25.0,1354
25.1,1282
25.2,1007
25.3,1134
25.4,1020
25.5,1319
25.6,1078
25.7,1164
25.8,1163
25.9,969
26.0,1166
26.1,1157
26.2,1281
26.3,1417
26.4,1421
26.5,1364
26.6,1180
26.7,1183
26.8,1130
26.9,1043
27.0,960
27.1,980
27.2,1044
27.3,1097
27.4,1134
27.5,1042
27.6,1154
27.7,1162
27.8,1422
27.9,1548
28.0,1273
28.1,1194
28.2,1660
28.3,2125
28.4,1496
28.5,1232
28.6,1292
28.7,1328
28.8,1342
28.9,1540
29.0,1403
29.1,1475
29.2,1492
29.3,1831
29.4,1953
29.5,1804
29.6,1752
29.7,1578
29.8,1478
29.9,1250
30.0,1324
30.1,1432
30.2,1474
30.3,1163
30.4,979
30.5,1164
30.6,1168
30.7,1065
30.8,1261
30.9,1021
31.0,1036
31.1,1060
31.2,1343
31.3,1315
31.4,1167
31.5,1321
31.6,1336
31.7,1296
31.8,1541
31.9,1202
32.0,1050
32.1,1024
32.2,1185
32.3,1205
32.4,1297
32.5,1100
32.6,1085
32.7,1232
32.8,1060
32.9,1150
33.0,1062
33.1,966
33.2,1020
33.3,960
33.4,944
33.5,1002
33.6,994
33.7,1028
33.8,1095
33.9,1006
34.0,1054
34.1,1082
34.2,958
34.3,1044
34.4,952
34.5,957
34.6,971
34.7,941
34.8,951
34.9,912
35.0,868
35.1,750
35.2,847
35.3,928
35.4,915
35.5,853
35.6,818
35.7,817
35.8,800
35.9,836
36.0,841
36.1,896
36.2,866
36.3,772
36.4,841
36.5,903
36.6,760
36.7,843
36.8,818
36.9,858
37.0,832
37.1,746
37.2,761
37.3,754
37.4,788
37.5,783
37.6,826
37.7,807
37.8,778
37.9,731
38.0,741
38.1,739
38.2,676
38.3,694
38.4,713
38.5,801
38.6,883
38.7,871
38.8,944
38.9,755
39.0,725
39.1,813
39.2,774
39.3,714
39.4,705
39.5,859
39.6,720
39.7,691
39.8,599
39.9,724
40.0,700
40.1,749
40.2,887
40.3,739
40.4,794
40.5,751
40.6,730
40.7,743
40.8,684
40.9,644
41.0,708
41.1,689
41.2,694
41.3,755
41.4,762
41.5,732
41.6,798
41.7,810
41.8,724
41.9,841
42.0,908
42.1,780
42.2,669
42.3,703
42.4,613
42.5,658
42.6,737
42.7,692
42.8,657
42.9,754
43.0,701
43.1,666
43.2,747
43.3,679
43.4,691
43.5,719
43.6,734
43.7,700
43.8,742
43.9,689
44.0,762
44.1,845
44.2,726
44.3,666
44.4,730
44.5,700
44.6,769
44.7,688
44.8,729
44.9,658
45.0,882
45.1,673
45.2,862
45.3,793
45.4,836
45.5,879
45.6,912
45.7,852
45.8,827
45.9,983
46.0,794
46.1,785
46.2,781
46.3,630
46.4,662
46.5,628
46.6,618
46.7,701
46.8,645
46.9,643
47.0,554
47.1,576
47.2,577
47.3,570
47.4,613
47.5,627
47.6,594
47.7,601
47.8,601
47.9,532
48.0,605
48.1,530
48.2,562
48.3,466
48.4,524
48.5,568
48.6,522
48.7,597
48.8,569
48.9,576
49.0,604
49.1,476
49.2,568
49.3,553
49.4,544
49.5,486
49.6,508
49.7,505
49.8,536
49.9,486
50.0,539
50.1,470
50.2,560
50.3,556
50.4,695
50.5,603
50.6,534
50.7,507
50.8,558
50.9,514
51.0,552
51.1,600
51.2,571
51.3,630
51.4,1011
51.5,666
51.6,725
51.7,1195
51.8,1093
51.9,1463
52.0,1012
52.1,1276
52.2,1643
52.3,1204
52.4,1388
52.5,951
52.6,997
52.7,887
52.8,905
52.9,924
53.0,628
53.1,795
53.2,642
53.3,576
53.4,488
53.5,627
53.6,519
53.7,540
53.8,626
53.9,734
54.0,574
54.1,563
54.2,601
54.3,625
54.4,779
54.5,753
54.6,666
54.7,611
54.8,516
54.9,574
55.0,489
55.1,516
55.2,714
55.3,1903
55.4,933
55.5,649
55.6,924
55.7,1374
55.8,965
55.9,1192
56.0,1134
56.1,1073
56.2,1105
56.3,806
56.4,783
56.5,873
56.6,966
56.7,636
56.8,610
56.9,412
57.0,442
57.1,385
57.2,384
57.3,400
57.4,353
57.5,393
57.6,448
57.7,406
57.8,379
57.9,433
58.0,493
58.1,433
58.2,460
58.3,361
58.4,561
58.5,549
58.6,540
58.7,781
58.8,497
58.9,473
59.0,621
59.1,445
59.2,433
59.3,527
59.4,419
59.5,413
59.6,395
59.7,426
59.8,414
59.9,371
60.0,422
60.1,464
60.2,654
60.3,562
60.4,595
60.5,734
60.6,890
60.7,1009
60.8,754
60.9,735
61.0,1138
61.1,760
61.2,951
61.3,882
61.4,1160
61.5,967
61.6,676
61.7,666
61.8,728
61.9,644
62.0,688
62.1,577
62.2,619
62.3,529
62.4,583
62.5,488
62.6,543
62.7,469
62.8,533
62.9,382
63.0,361
63.1,377
63.2,310
63.3,305
63.4,370
63.5,463
63.6,404
63.7,405
63.8,529
63.9,511
64.0,451
64.1,544
64.2,507
64.3,659
64.4,552
64.5,447
64.6,537
64.7,699
64.8,520
64.9,491
65.0,474
65.1,506
65.2,565
65.3,437
65.4,477
65.5,501
65.6,534
65.7,447
65.8,410
65.9,400
66.0,444
66.1,440
66.2,519
66.3,471
66.4,461
66.5,507
66.6,501
66.7,550
66.8,477
66.9,628
67.0,413
67.1,496
67.2,399
67.3,333
67.4,377
67.5,458
67.6,373
67.7,356
67.8,412
67.9,557
68.0,450
68.1,446
68.2,432
68.3,353
68.4,435
68.5,421
68.6,367
68.7,398
68.8,336
68.9,303
69.0,406
69.1,385
69.2,446
69.3,383
69.4,347
69.5,374
69.6,436
69.7,479
69.8,394
69.9,429
70.0,420
70.1,460
70.2,473
70.3,505
70.4,487
70.5,488
70.6,528
70.7,405
70.8,374
70.9,509
71.0,497
71.1,386
71.2,438
71.3,465
71.4,470
71.5,413
71.6,448
71.7,319
71.8,416
71.9,352
72.0,440
72.1,419
72.2,386
72.3,394
72.4,384
72.5,379
72.6,446
72.7,447
72.8,420
72.9,368
73.0,475
73.1,383
73.2,376
73.3,360
73.4,343
73.5,393
73.6,368
73.7,327
73.8,322
73.9,327
74.0,314
74.1,308
74.2,350
74.3,263
74.4,278
74.5,301
74.6,286
74.7,265
74.8,232
74.9,299
75.0,254
75.1,273
75.2,278
75.3,281
75.4,270
75.5,255
75.6,240
75.7,232
75.8,244
75.9,226
76.0,226
76.1,216
76.2,193
76.3,257
76.4,228
76.5,189
76.6,238
76.7,180
76.8,194
76.9,207
77.0,225
77.1,197
77.2,176
77.3,188
77.4,169
77.5,184
77.6,219
77.7,174
77.8,183
77.9,164
78.0,174
78.1,183
78.2,174
78.3,222
78.4,236
78.5,184
78.6,165
78.7,171
78.8,239
78.9,419
79.0,196
79.1,150
79.2,162
79.3,248
79.4,326
79.5,289
79.6,238
79.7,337
79.8,373
79.9,324
80.0,198
80.1,175
80.2,302
80.3,258
80.4,228
80.5,194
80.6,218
80.7,173
80.8,208
80.9,224
81.0,181
81.1,236
81.2,249
81.3,203
81.4,163
81.5,229
81.6,160
81.7,162
81.8,186
81.9,174
82.0,181
82.1,217
82.2,161
82.3,128
82.4,214
82.5,234
82.6,125
82.7,154
82.8,153
82.9,132
83.0,151
83.1,153
83.2,158
83.3,124
83.4,141
83.5,131
83.6,121
83.7,153
83.8,96
83.9,121
84.0,88
84.1,89
84.2,107
84.3,113
84.4,127
84.5,140
84.6,99
84.7,100
84.8,123
84.9,83
85.0,105
85.1,99
85.2,106
85.3,73
85.4,82
85.5,94
85.6,81
85.7,72
85.8,82
85.9,74
86.0,72
86.1,98
86.2,91
86.3,96
86.4,106
86.5,86
86.6,97
86.7,84
86.8,78
86.9,74
87.0,80
87.1,74
87.2,101
87.3,72
87.4,64
87.5,70
87.6,80
87.7,87
87.8,68
87.9,83
88.0,90
88.1,106
88.2,99
88.3,90
88.4,76
88.5,74
88.6,98
88.7,71
88.8,70
88.9,59
89.0,89
89.1,79
89.2,72
89.3,75
89.4,68
89.5,88
89.6,72
89.7,81
89.8,82
89.9,89
90.0,85
90.1,71
90.2,72
90.3,77
90.4,79
90.5,83
90.6,84
90.7,90
90.8,72
90.9,68
91.0,76
91.1,91
91.2,89
91.3,76
91.4,84
91.5,81
91.6,85
91.7,97
91.8,83
91.9,89
92.0,92
92.1,96
92.2,110
92.3,111
92.4,118
92.5,125
92.6,107
92.7,114
92.8,102
92.9,109
93.0,97
93.1,117
93.2,131
93.3,127
93.4,108
93.5,113
93.6,115
93.7,127
93.8,99
93.9,100
94.0,115
94.1,157
94.2,102
94.3,141
94.4,143
94.5,137
94.6,138
94.7,131
94.8,129
94.9,104
95.0,109
95.1,126
95.2,146
95.3,142
95.4,117
95.5,165
95.6,153
95.7,152
95.8,159
95.9,155
96.0,123
96.1,120
96.2,132
96.3,118
96.4,123
96.5,117
96.6,109
96.7,141
96.8,141
96.9,115
97.0,112
97.1,150
97.2,143
97.3,135
97.4,159
97.5,143
97.6,160
97.7,150
97.8,149
97.9,125
98.0,153
98.1,142
98.2,169
98.3,179
98.4,194
98.5,170
98.6,159
98.7,182
98.8,168
98.9,159
99.0,205
99.1,188
99.2,170
99.3,183
99.4,175
99.5,173
99.6,184
99.7,175
99.8,190
99.9,198
100.0,201
100.1,250
100.2,200
100.3,217
100.4,198
100.5,233
100.6,216
100.7,219
100.8,240
100.9,261
101.0,256
101.1,265
101.2,313
101.3,263
101.4,284
101.5,318
101.6,318
101.7,300
101.8,319
101.9,304
102.0,313
102.1,311
102.2,286
102.3,288
102.4,340
102.5,301
102.6,350
102.7,309
102.8,362
102.9,324
103.0,296
103.1,328
103.2,339
103.3,338
103.4,242
103.5,272
103.6,291
103.7,337
103.8,349
103.9,385
104.0,357
104.1,363
104.2,377
104.3,314
104.4,369
104.5,347
104.6,336
104.7,372
104.8,393
104.9,411
105.0,408
105.1,385
105.2,403
105.3,425
105.4,416
105.5,382
105.6,371
105.7,351
105.8,377
105.9,398
106.0,388
106.1,375
106.2,412
106.3,381
106.4,374
106.5,376
106.6,370
106.7,380
106.8,404
106.9,391
107.0,418
107.1,425
107.2,430
107.3,463
107.4,499
107.5,514
107.6,461
107.7,468
107.8,459
107.9,471
108.0,475
108.1,545
108.2,556
108.3,592
108.4,541
108.5,511
108.6,566
108.7,518
108.8,610
108.9,566
109.0,552
109.1,604
109.2,652
109.3,649
109.4,681
109.5,769
109.6,657
109.7,678
109.8,646
109.9,746
110.0,667
110.1,712
110.2,721
110.3,722
110.4,752
110.5,736
110.6,787
110.7,734
110.8,789
110.9,820
111.0,785
111.1,858
111.2,833
111.3,876
111.4,937
111.5,916
111.6,877
111.7,865
111.8,923
111.9,891
112.0,1020
112.1,1030
112.2,1066
112.3,1075
112.4,1026
112.5,1071
112.6,1106
112.7,1101
112.8,1146
112.9,1128
113.0,1244
113.1,1158
113.2,1200
113.3,1245
113.4,1237
113.5,1209
113.6,1255
113.7,1244
113.8,1384
113.9,1291
114.0,1289
114.1,1325
114.2,1345
114.3,1321
114.4,1482
114.5,1289
114.6,1385
114.7,1394
114.8,1490
114.9,1568
115.0,1494
115.1,1623
115.2,1596
115.3,1757
115.4,1789
115.5,1725
115.6,1778
115.7,1967
115.8,2091
115.9,1884
116.0,1938
116.1,1855
116.2,1827
116.3,1812
116.4,1795
116.5,1720
116.6,1678
116.7,1803
116.8,1771
116.9,1687
117.0,1587
117.1,1592
117.2,1657
117.3,1496
117.4,1585
117.5,1559
117.6,1488
117.7,1587
117.8,1704
117.9,1940
118.0,1569
118.1,1558
118.2,1459
118.3,1329
118.4,1368
118.5,1315
118.6,1424
118.7,1334
118.8,1300
118.9,1324
119.0,1433
119.1,1384
119.2,1379
119.3,1412
119.4,1394
119.5,1422
119.6,1482
119.7,1497
119.8,1617
119.9,1573
120.0,1446
120.1,1453
120.2,1532
120.3,1522
120.4,1752
120.5,1628
120.6,1635
120.7,1711
120.8,1690
120.9,1629
121.0,1617
121.1,1783
121.2,1527
121.3,1696
121.4,1694
121.5,1730
121.6,1877
121.7,1786
121.8,1758
121.9,1785
122.0,1954
122.1,1984
122.2,2023
122.3,1880
122.4,1877
122.5,1884
122.6,2086
122.7,1964
122.8,2007
122.9,2077
123.0,1999
123.1,2060
123.2,1984
123.3,1944
123.4,1992
123.5,1889
123.6,1907
123.7,1965
123.8,2035
123.9,1908
124.0,2020
124.1,2107
124.2,2084
124.3,1998
124.4,1932
124.5,2006
124.6,2085
124.7,2087
124.8,2081
124.9,2050
125.0,2216
125.1,2144
125.2,2121
125.3,2163
125.4,2286
125.5,2174
125.6,2098
125.7,2248
125.8,2221
125.9,2340
126.0,2281
126.1,2371
126.2,2400
126.3,2581
126.4,2729
126.5,3064
126.6,2699
126.7,2763
126.8,2920
126.9,2886
127.0,2801
127.1,2832
127.2,3384
127.3,3250
127.4,3104
127.5,3165
127.6,3182
127.7,3616
127.8,3446
127.9,3425
128.0,3064
128.1,3401
128.2,4424
128.3,3446
128.4,3730
128.5,4025
128.6,4460
128.7,3988
128.8,4006
128.9,3933
129.0,3978
129.1,3788
129.2,3556
129.3,3448
129.4,3425
129.5,3425
129.6,3331
129.7,3262
129.8,3166
129.9,3058
130.0,2984
130.1,3097
130.2,3129
130.3,2940
130.4,2943
130.5,2731
130.6,2624
130.7,2657
130.8,2570
130.9,2628
131.0,2497
131.1,2267
131.2,2360
131.3,2105
131.4,2186
131.5,2178
131.6,2120
131.7,2206
131.8,2044
131.9,2157
132.0,1987
132.1,2062
132.2,1958
132.3,1843
132.4,1827
132.5,1813
132.6,1778
132.7,1888
132.8,1895
132.9,1741
133.0,1822
133.1,1830
133.2,1846
133.3,1848
133.4,1903
133.5,1857
133.6,1879
133.7,1820
133.8,1713
133.9,1701
134.0,1709
134.1,1694
134.2,1741
134.3,1801
134.4,1646
134.5,1596
134.6,1603
134.7,1617
134.8,1584
134.9,1663
135.0,1557
135.1,1598
135.2,1532
135.3,1476
135.4,1550
135.5,1490
135.6,1485
135.7,1528
135.8,1547
135.9,1558
136.0,1574
136.1,1518
136.2,1523
136.3,1513
136.4,1612
136.5,1598
136.6,1638
136.7,1593
136.8,1628
136.9,1626
137.0,1680
137.1,1554
137.2,1568
137.3,1596
137.4,1664
137.5,1633
137.6,1497
137.7,1596
137.8,1681
137.9,1633
138.0,1561
138.1,1504
138.2,1553
138.3,1565
138.4,1591
138.5,1518
138.6,1515
138.7,1370
138.8,1397
138.9,1349
139.0,1423
139.1,1390
139.2,1304
139.3,1297
139.4,1332
139.5,1301
139.6,1358
139.7,1197
139.8,1127
139.9,1148
140.0,1135
140.1,1141
140.2,1048
140.3,1133
140.4,1085
140.5,1025
140.6,1126
140.7,1083
140.8,1017
140.9,1114
141.0,1056
141.1,1035
141.2,1015
141.3,953
141.4,982
141.5,1020
141.6,1029
141.7,1041
141.8,960
141.9,1005
142.0,1032
142.1,1031
142.2,1013
142.3,997
142.4,959
142.5,965
142.6,910
142.7,918
142.8,943
142.9,933
143.0,984
143.1,946
143.2,916
143.3,910
143.4,901
143.5,935
143.6,862
143.7,882
143.8,927
143.9,918
144.0,963
144.1,928
144.2,896
144.3,932
144.4,962
144.5,904
144.6,923
144.7,854
144.8,854
144.9,887
145.0,819
145.1,890
145.2,852
145.3,832
145.4,835
145.5,893
145.6,906
145.7,851
145.8,947
145.9,856
146.0,815
146.1,859
146.2,869
146.3,885
146.4,858
146.5,943
146.6,958
146.7,884
146.8,963
146.9,971
147.0,951
147.1,905
147.2,932
147.3,1014
147.4,1013
147.5,1015
147.6,940
147.7,988
147.8,1070
147.9,1025
148.0,1058
148.1,973
148.2,1027
148.3,1076
148.4,1048
148.5,1174
148.6,1102
148.7,1078
148.8,1140
148.9,1189
149.0,1139
149.1,1136
149.2,1131
149.3,1115
149.4,1156
149.5,1140
149.6,1157
149.7,1124
149.8,1205
149.9,1148
150.0,1072
150.1,1099
150.2,1165
150.3,1130
150.4,1108
150.5,1014
150.6,1006
150.7,1043
150.8,1068
150.9,970
151.0,919
151.1,911
151.2,982
151.3,953
151.4,879
151.5,906
151.6,849
151.7,890
151.8,857
151.9,877
152.0,855
152.1,871
152.2,848
152.3,820
152.4,811
152.5,868
152.6,831
152.7,784
152.8,790
152.9,825
153.0,789
153.1,887
153.2,818
153.3,765
153.4,744
153.5,780
153.6,847
153.7,799
153.8,737
153.9,756
154.0,758
154.1,757
154.2,768
154.3,786
154.4,799
154.5,817
154.6,843
154.7,834
154.8,869
154.9,826
155.0,843
155.1,820
155.2,797
155.3,792
155.4,854
155.5,861
155.6,849
155.7,851
155.8,865
155.9,852
156.0,855
156.1,903
156.2,918
156.3,869
156.4,1029
156.5,905
156.6,870
156.7,883
156.8,861
156.9,887
157.0,837
157.1,805
157.2,779
157.3,830
157.4,857
157.5,836
157.6,921
157.7,792
157.8,833
157.9,887
158.0,893
158.1,885
158.2,836
158.3,879
158.4,936
158.5,870
158.6,842
158.7,850
158.8,806
158.9,836
159.0,902
159.1,823
159.2,868
159.3,914
159.4,892
159.5,892
159.6,845
159.7,834
159.8,842
159.9,829
160.0,883
160.1,860
160.2,822
160.3,820
160.4,816
160.5,852
160.6,872
160.7,864
160.8,860
160.9,847
161.0,810
161.1,892
161.2,981
161.3,914
161.4,934
161.5,854
161.6,920
161.7,880
161.8,856
161.9,875
162.0,814
162.1,883
162.2,850
162.3,773
162.4,885
162.5,844
162.6,872
162.7,823
162.8,819
162.9,772
163.0,801
163.1,808
163.2,791
163.3,730
163.4,753
163.5,735
163.6,847
163.7,767
163.8,695
163.9,717
164.0,785
164.1,650
164.2,725
164.3,653
164.4,630
164.5,613
164.6,666
164.7,669
164.8,673
164.9,634
165.0,612
165.1,745
165.2,715
165.3,644
165.4,630
165.5,632
165.6,534
165.7,616
165.8,676
165.9,587
166.0,612
166.1,635
166.2,623
166.3,685
166.4,645
166.5,669
166.6,695
166.7,670
166.8,642
166.9,615
167.0,644
167.1,574
167.2,676
167.3,711
167.4,603
167.5,570
167.6,610
167.7,669
167.8,571
167.9,567
168.0,557
168.1,522
168.2,596
168.3,563
168.4,544
168.5,596
168.6,646
168.7,551
168.8,563
168.9,601
169.0,598
169.1,592
169.2,571
169.3,615
169.4,554
169.5,544
169.6,559
169.7,635
169.8,573
169.9,527
170.0,570
170.1,544
170.2,491
170.3,524
170.4,514
170.5,508
170.6,497
170.7,502
170.8,552
170.9,572
171.0,505
171.1,521
171.2,522
171.3,467
171.4,405
171.5,424
171.6,476
171.7,446
171.8,484
171.9,442
172.0,397
172.1,413
172.2,421
172.3,379
172.4,361
172.5,363
172.6,557
172.7,415
172.8,367
172.9,348
173.0,346
173.1,381
173.2,405
173.3,403
173.4,467
173.5,397
173.6,362
173.7,351
173.8,359
173.9,387
174.0,456
174.1,346
174.2,359
174.3,345
174.4,341
174.5,366
174.6,338
174.7,387
174.8,343
174.9,344
175.0,301
175.1,272
175.2,333
175.3,360
175.4,303
175.5,348
175.6,304
175.7,296
175.8,327
175.9,314
176.0,295
176.1,233
176.2,266
176.3,307
176.4,234
176.5,234
176.6,287
176.7,196
176.8,201
176.9,205
177.0,186
177.1,236
177.2,279
177.3,241
177.4,188
177.5,195
177.6,179
177.7,159
177.8,186
177.9,168
178.0,179
178.1,156
178.2,132
178.3,131
178.4,132
178.5,145
178.6,256
178.7,92
178.8,141
178.9,129
179.0,119
179.1,136
179.2,88
179.3,116
179.4,137
179.5,81
179.6,73
179.7,84
179.8,80
179.9,79
180.0,115
180.1,74
180.2,71
180.3,93
180.4,72
180.5,99
180.6,109
180.7,84
180.8,107
180.9,81
181.0,59
181.1,73
181.2,60
181.3,59
181.4,55
181.5,94
181.6,60
181.7,71
181.8,77
181.9,62
182.0,86
182.1,72
182.2,56
182.3,77
182.4,34
182.5,60
182.6,75
182.7,45
182.8,42
182.9,50
183.0,40
183.1,50
183.2,47
183.3,37
183.4,36
183.5,56
183.6,58
183.7,56
183.8,77
183.9,61
184.0,55
184.1,43
184.2,42
184.3,36
184.4,41
184.5,48
184.6,44
184.7,41
184.8,36
184.9,46
185.0,33
185.1,26
185.2,46
185.3,37
185.4,35
185.5,48
185.6,43
185.7,46
185.8,48
185.9,49
186.0,49
186.1,47
186.2,47
186.3,72
186.4,41
186.5,51
186.6,59
186.7,59
186.8,50
186.9,62
187.0,55
187.1,33
187.2,29
187.3,43
187.4,46
187.5,45
187.6,33
187.7,37
187.8,55
187.9,39
188.0,40
188.1,62
188.2,42
188.3,65
188.4,43
188.5,56
188.6,44
188.7,62
188.8,51
188.9,59
189.0,66
189.1,81
189.2,86
189.3,81
189.4,60
189.5,64
189.6,62
189.7,75
189.8,80
189.9,69
190.0,72
190.1,94
190.2,75
190.3,84
190.4,88
190.5,73
190.6,101
190.7,114
190.8,144
190.9,191
191.0,119
191.1,119
191.2,127
191.3,153
191.4,139
191.5,157
191.6,138
191.7,119
191.8,118
191.9,140
192.0,178
192.1,86
192.2,127
192.3,90
192.4,109
192.5,85
192.6,114
192.7,78
192.8,89
192.9,72
193.0,84
193.1,97
193.2,83
193.3,87
193.4,93
193.5,76
193.6,71
193.7,70
193.8,55
193.9,70
194.0,73
194.1,75
194.2,89
194.3,81
194.4,77
194.5,73
194.6,74
194.7,58
194.8,69
194.9,91
195.0,75
195.1,83
195.2,84
195.3,71
195.4,88
195.5,95
195.6,87
195.7,59
195.8,80
195.9,83
196.0,66
196.1,79
196.2,68
196.3,73
196.4,82
196.5,75
196.6,97
196.7,72
196.8,105
196.9,124
197.0,96
197.1,91
197.2,76
197.3,110
197.4,58
197.5,107
197.6,111
197.7,82
197.8,97
197.9,80
198.0,69
198.1,103
198.2,102
198.3,99
198.4,107
198.5,110
198.6,114
198.7,114
198.8,85
198.9,92
199.0,123
199.1,154
199.2,95
199.3,101
199.4,132
199.5,82
199.6,93
199.7,96
199.8,89
199.9,83
200.0,99
200.1,106
200.2,109
200.3,108
200.4,84
200.5,106
200.6,98
200.7,110
200.8,76
200.9,75
201.0,112
201.1,121
201.2,96
201.3,85
201.4,67
201.5,91
201.6,77
201.7,83
201.8,60
201.9,102
202.0,105
202.1,102
202.2,72
202.3,83
202.4,83
202.5,87
202.6,153
202.7,99
202.8,91
202.9,105
203.0,84
203.1,73
203.2,81
203.3,61
203.4,70
203.5,77
203.6,73
203.7,75
203.8,90
203.9,77
204.0,58
204.1,59
204.2,105
204.3,65
204.4,74
204.5,56
204.6,80
204.7,49
204.8,65
204.9,66
205.0,48
205.1,60
205.2,55
205.3,58
205.4,79
205.5,71
205.6,55
205.7,44
205.8,53
205.9,62
206.0,57
206.1,63
206.2,47
206.3,66
206.4,67
206.5,46
206.6,58
206.7,61
206.8,86
206.9,53
207.0,72
207.1,68
207.2,49
207.3,67
207.4,41
207.5,52
207.6,63
207.7,55
207.8,44
207.9,59
208.0,53
208.1,78
208.2,55
208.3,70
208.4,66
208.5,46
208.6,46
208.7,46
208.8,47
208.9,86
209.0,70
209.1,65
209.2,49
209.3,42
209.4,45
209.5,45
209.6,37
209.7,24
209.8,22
209.9,65
210.0,39
210.1,46
210.2,34
210.3,40
210.4,26
210.5,55
210.6,79
210.7,35
210.8,50
210.9,37
211.0,59
211.1,29
211.2,18
211.3,34
211.4,45
211.5,23
211.6,23
211.7,19
211.8,30
211.9,18
212.0,26
212.1,41
212.2,20
212.3,16
212.4,27
212.5,21
212.6,22
212.7,25
212.8,29
212.9,24
213.0,17
213.1,12
213.2,14
213.3,24
213.4,21
213.5,21
213.6,19
213.7,15
213.8,7
213.9,14
214.0,12
214.1,10
214.2,13
214.3,14
214.4,19
214.5,7
214.6,17
214.7,17
214.8,7
214.9,15
215.0,8
215.1,15
215.2,19
215.3,19
215.4,9
215.5,15
215.6,13
215.7,15
215.8,15
215.9,14
216.0,13
216.1,9
216.2,15
216.3,13
216.4,15
216.5,8
216.6,15
216.7,9
216.8,7
216.9,12
217.0,18
217.1,5
217.2,10
217.3,8
217.4,13
217.5,17
217.6,8
217.7,4
217.8,8
217.9,4
218.0,6
218.1,8
218.2,6
218.3,15
218.4,7
218.5,8
218.6,9
218.7,13
218.8,10
218.9,7
219.0,6
219.1,4
219.2,4
219.3,6
219.4,8
219.5,6
219.6,15
219.7,9
219.8,4
219.9,5
220.0,1
220.1,3
220.2,3
220.3,9
220.4,2
220.5,7
220.6,5
220.7,1
220.8,11
220.9,4
221.0,1
221.1,1
221.2,4
221.3,4
221.4,2
221.5,1
221.6,2
221.7,1
221.8,2
222.0,3
222.1,8
222.4,2
222.5,2
223.0,1
223.1,1
223.2,2
223.3,1
223.5,2
223.6,1
223.9,1
224.3,2
224.5,1
224.8,1
225.3,1
225.4,1
225.9,1
226.0,1
226.2,1
226.4,2
226.7,1
226.8,3
227.4,3
227.5,1
228.4,2
228.5,1
228.7,2
228.9,2
229.0,1
229.1,1
229.4,1
229.9,2
